*******************************************************************************,,,,,,
JPL/HORIZONS                McNaught (C/2006 P1)           2023-Mar-07 16:39:14,,,,,,
Rec #:90003598 (+COV) Soln.date: 2021-Apr-15_23:30:59    # obs: 331 (2006-2007),,,,,,
 ,,,,,,
IAU76/J2000 helio. ecliptic osc. elements (au, days, deg., period=Julian yrs):,,,
 ,,,,,,
  EPOCH=  2454065.5 ! 2006-Nov-26.0000000 (TDB)    RMSW= n.a.,,,,,,
   EC= 1.000018815882278   QR= .1707364648528884   TP= 2454113.2988436329,,,,,,
   OM= 267.4148026435385   W= 155.9749681149126    IN= 77.83700054890942,,,,,,
   A= -9074.061068728695   MA= -5.4502812965308E-5 ADIST= 9.999999E99,,,,,,
   PER= 9.999999E99        N= 1.14E-6              ANGMOM= .010052212,,,,,,
   DAN= 3.94245            DDN= .17847             L= 82.04948520000001,,,,,,
   B= 23.4529837           MOID= .40940601         TP= 2007-Jan-12.7988436329,,,,,,
 ,,,,,,
Comet physical (GM= km^3/s^2; RAD= km):,,,,,,
   GM= n.a.                RAD= n.a.,,,,,,
   M1=  5.4      M2=  12.9     k1=  20.75  k2=  5.      PHCOF=  .030,,,,,,
 ,,,,,,
COMET comments ,,,,,,
1: soln ref.= JPL#27, data arc: 2006-08-07 to 2007-07-11,,,,,
2: k1=20.75, k2=5., phase coef.=0.03;,,,,
*******************************************************************************,,,,,,
,,,,,,
,,,,,,
*******************************************************************************,,,,,,
Ephemeris / WWW_USER Tue Mar  7 16:39:14 2023 Pasadena, USA      / Horizons    ,,,,,
*******************************************************************************,,,,,,
Target body name: McNaught (C/2006 P1)            {source: JPL#27},,,,,,
Center body name: Earth (399)                     {source: DE441},,,,,,
Center-site name: (user defined site below),,,,,,
*******************************************************************************,,,,,,
Start time      : A.D. 1599-Dec-10 23:59:00.0000 UT      ,,,,,,
Stop  time      : A.D. 2500-Dec-31 23:58:00.0000 UT      ,,,,,,
Step-size       : 1 calendar year,,,,,,
*******************************************************************************,,,,,,
Target pole/equ : undefined,,,,,,
Target radii    : undefined                                                    ,,,,,,
Center geodetic : 286.0058,40.7517, -2.02709E-12 {E-lon(deg),Lat(deg),Alt(km)},,
Center cylindric: 286.0058,4838.6361, 4141.57364 {E-lon(deg),Dxy(km),Dz(km)},,
Center pole/equ : ITRF93                          {East-longitude positive},,,,,,
Center radii    : 6378.137,6378.137, 6356.752 km {Equator_a, b, pole_c}       ,,
Target primary  : Sun,,,,,,
Vis. interferer : MOON (R_eq= 1737.400) km        {source: DE441},,,,,,
Rel. light bend : Sun                             {source: DE441},,,,,,
Rel. lght bnd GM: 1.3271E+11 km^3/s^2                                          ,,,,,,
Small-body perts: Yes                             {source: SB441-N16},,,,,,
Atmos refraction: NO (AIRLESS),,,,,,
RA format       : HMS,,,,,,
Time format     : BOTH,,,,,,
Calendar mode   : Mixed Julian/Gregorian,,,,,,
EOP file        : eop.230306.p230530                                           ,,,,,,
EOP coverage    : DATA-BASED 1962-JAN-20 TO 2023-MAR-06. PREDICTS-> 2023-MAY-29,,,,,,
Units conversion: 1 au= 149597870.700 km, c= 299792.458 km/s, 1 day= 86400.0 s ,,,,
Table cut-offs 1: Elevation (-90.0deg=NO ),Airmass (>38.000=NO), Daylight (NO ),,,,
Table cut-offs 2: Solar elongation (  0.0,180.0=NO ),Local Hour Angle( 0.0=NO ),,,,
Table cut-offs 3: RA/DEC angular rate (     0.0=NO )                           ,,,,,,
Table format    : Comma Separated Values (spreadsheet),,,,,,
*******************************************************************************,,,,,,
Initial IAU76/J2000 heliocentric ecliptic osculating elements (au, days, deg.):,,,,
  EPOCH=  2454065.5 ! 2006-Nov-26.0000000 (TDB)    RMSW= n.a.                  ,,,,,,
   EC= 1.000018815882278   QR= .1707364648528884   TP= 2454113.2988436329      ,,,,,,
   OM= 267.4148026435385   W= 155.9749681149126    IN= 77.83700054890942       ,,,,,,
  Equivalent ICRF heliocentric cartesian coordinates (au, au/d):,,,,,
   X= 3.108169182050542E-02  Y=-1.293847674003737E+00  Z=-1.220881115605168E-01,,,,,,
  VX= 1.178722771799021E-03 VY= 1.912334650954304E-02 VZ= 9.391595170035781E-03,,,,,,
Comet physical (GM= km^3/s^2; RAD= km):                                        ,,,,,,
   GM= n.a.                RAD= n.a.                                           ,,,,,,
   M1=  5.4      M2=  12.9     k1=  20.75  k2=  5.      PHCOF=  .030           ,,,,,,
***********************************************************************************,,,,,,
 Date__(UT)__HR:MN, Date_________JDUT, , ,            delta,     deldot,  Tru_Anom
***********************************************************************************,,,,,,
$$SOE,,,,,,
 1599-Dec-10 23:59,2305426.499, , ,309.3744723,-3.0040912,182.8345
 1600-Dec-10 23:59,2305792.499, ,m,308.8704279,-3.3933517,182.9053
 1601-Dec-10 23:59,2306157.499, ,m,308.367971,-3.2548116,182.9606
 1602-Dec-10 23:59,2306522.499, , ,307.8646954,-3.1314776,182.9805
 1603-Dec-10 23:59,2306887.499, ,m,307.3599485,-3.027998,182.954
 1604-Dec-10 23:59,2307253.499, , ,306.8515059,-3.3839159,182.8522
 1605-Dec-10 23:59,2307618.499, , ,306.3434264,-3.2744886,182.6937
 1606-Dec-10 23:59,2307983.499, ,m,305.833852,-3.1573567,182.5387
 1607-Dec-10 23:59,2308348.499, , ,305.3235633,-3.0139788,182.4634
 1608-Dec-10 23:59,2308714.499, ,m,304.8113227,-3.3982612,182.5024
 1609-Dec-10 23:59,2309079.499, ,m,304.3016368,-3.2608641,182.6051
 1610-Dec-10 23:59,2309444.499, , ,303.7928928,-3.1209126,182.7048
 1611-Dec-10 23:59,2309809.499, ,m,303.2847176,-3.0118867,182.7887
 1612-Dec-10 23:59,2310175.499, ,m,302.7746794,-3.3631626,182.8516
 1613-Dec-10 23:59,2310540.499, , ,302.2663698,-3.2431691,182.8904
 1614-Dec-10 23:59,2310905.499, ,m,301.757066,-3.1339561,182.8994
 1615-Dec-10 23:59,2311270.499, , ,301.2464713,-2.992904,182.8518
 1616-Dec-10 23:59,2311636.499, , ,300.7323832,-3.3838222,182.7502
 1617-Dec-10 23:59,2312001.499, ,m,300.2186701,-3.2608009,182.6146
 1618-Dec-10 23:59,2312366.499, , ,299.7039214,-3.122269,182.5069
 1619-Dec-10 23:59,2312731.499, ,m,299.1886783,-3.0156788,182.5031
 1620-Dec-10 23:59,2313097.499, ,m,298.6716981,-3.3669938,182.5955
 1621-Dec-10 23:59,2313462.499, , ,298.1577018,-3.2343371,182.7147
 1622-Dec-10 23:59,2313827.499, ,m,297.6446083,-3.1197613,182.8224
 1623-Dec-10 23:59,2314192.499, , ,297.1322013,-2.9717352,182.9028
 1624-Dec-10 23:59,2314558.499, , ,296.6180659,-3.3506394,182.9672
 1625-Dec-10 23:59,2314923.499, ,m,296.1053817,-3.2319897,183.0151
 1626-Dec-10 23:59,2315288.499, , ,295.5917828,-3.0923544,183.0269
 1627-Dec-10 23:59,2315653.499, ,m,295.0767397,-2.9902573,182.9919
 1628-Dec-10 23:59,2316019.499, ,m,294.5579231,-3.3598305,182.889
 1629-Dec-10 23:59,2316384.499, , ,294.0395533,-3.2298929,182.7426
 1630-Dec-10 23:59,2316749.499, ,m,293.519856,-3.1269284,182.6202
 1631-Dec-10 23:59,2317114.499, ,m,292.9995287,-2.9839122,182.5815
 1632-Dec-10 23:59,2317480.499, , ,292.4775032,-3.3524267,182.6383
 1633-Dec-10 23:59,2317845.499, ,m,291.958024,-3.2341375,182.7383
 1634-Dec-10 23:59,2318210.499, , ,291.4393363,-3.0830357,182.8307
 1635-Dec-10 23:59,2318575.499, , ,290.9210866,-2.9706145,182.9121
 1636-Dec-10 23:59,2318941.499, ,m,290.4006457,-3.3403605,182.975
 1637-Dec-10 23:59,2319306.499, , ,289.8816366,-3.2031645,183.0118
 1638-Dec-10 23:59,2319671.499, ,m,289.3614008,-3.1032069,183.0112
 1639-Dec-10 23:59,2320036.499, ,m,288.8395242,-2.9711727,182.9448
 1640-Dec-10 23:59,2320402.499, , ,288.31404,-3.343488,182.818
 1641-Dec-10 23:59,2320767.499, ,m,287.7888038,-3.2387172,182.6605
 1642-Dec-10 23:59,2321132.499, , ,287.2624516,-3.0950975,182.5427
 1643-Dec-10 23:59,2321497.499, , ,286.7357467,-2.9771147,182.5388
 1644-Dec-10 23:59,2321863.499, ,m,286.2073197,-3.3494568,182.6278
 1645-Dec-10 23:59,2322228.499, , ,285.6818214,-3.1997384,182.7399
 1646-Dec-10 23:59,2322593.499, ,m,285.1571795,-3.0882961,182.8411
 1647-Dec-10 23:59,2322958.499, ,m,284.6329679,-2.9547645,182.9168
 1648-Dec-10 23:59,2323324.499, , ,284.1069259,-3.3125483,182.9742
 1649-Dec-10 23:59,2323689.499, ,m,283.582228,-3.2100512,183.011
 1650-Dec-10 23:59,2324054.499, ,m,283.0564664,-3.0702808,183.0072
 1651-Dec-10 23:59,2324419.499, , ,282.5293302,-2.9527277,182.9576
 1652-Dec-10 23:59,2324785.499, ,m,281.998482,-3.3421074,182.8514
 1653-Dec-10 23:59,2325150.499, , ,281.4681924,-3.1982168,182.725
 1654-Dec-10 23:59,2325515.499, , ,280.9369134,-3.0909413,182.6494
 1655-Dec-10 23:59,2325880.499, ,m,280.4052228,-2.9635122,182.6627
 1656-Dec-10 23:59,2326246.499, , ,279.8720894,-3.3124594,182.7477
 1657-Dec-10 23:59,2326611.499, ,m,279.3416431,-3.2038653,182.8528
 1658-Dec-10 23:59,2326976.499, ,m,278.8118517,-3.0597707,182.9423
 1659-Dec-10 23:59,2327341.499, , ,278.2824184,-2.9297007,183.0197
 1660-Dec-10 23:59,2327707.499, ,m,277.7506449,-3.3185166,183.0801
 1661-Dec-10 23:59,2328072.499, , ,277.2200204,-3.1756062,183.1118
 1662-Dec-10 23:59,2328437.499, , ,276.688077,-3.0666797,183.1035
 1663-Dec-10 23:59,2328802.499, ,m,276.1542734,-2.9550258,183.0261
 1664-Dec-10 23:59,2329168.499, , ,275.6167505,-3.310176,182.8913
 1665-Dec-10 23:59,2329533.499, ,m,275.0795286,-3.2090394,182.7358
 1666-Dec-10 23:59,2329898.499, ,m,274.5411541,-3.0768334,182.6305
 1667-Dec-10 23:59,2330263.499, , ,274.0025466,-2.9382955,182.6335
 1668-Dec-10 23:59,2330629.499, ,m,273.4622795,-3.326428,182.7139
 1669-Dec-10 23:59,2330994.499, , ,272.9247229,-3.1763168,182.8116
 1670-Dec-10 23:59,2331359.499, , ,272.3878704,-3.0522018,182.9009
 1671-Dec-10 23:59,2331724.499, ,m,271.8511104,-2.9395791,182.9686
 1672-Dec-10 23:59,2332090.499, , ,271.3121758,-3.2863372,183.0159
 1673-Dec-10 23:59,2332455.499, , ,270.7743597,-3.182863,183.0361
 1674-Dec-10 23:59,2332820.499, ,m,270.2351593,-3.0598829,183.0071
 1675-Dec-10 23:59,2333185.499, , ,269.6944331,-2.924807,182.9305
 1676-Dec-10 23:59,2333551.499, ,m,269.1500224,-3.3232957,182.8076
 1677-Dec-10 23:59,2333916.499, ,m,268.6061715,-3.1844641,182.6913
 1678-Dec-10 23:59,2334281.499, , ,268.0616097,-3.0580945,182.6534
 1679-Dec-10 23:59,2334646.499, ,m,267.5169078,-2.9465234,182.7097
 1680-Dec-10 23:59,2335012.499, , ,266.970931,-3.2883977,182.8176
 1681-Dec-10 23:59,2335377.499, , ,266.4278387,-3.1705205,182.9273
 1682-Dec-10 23:59,2335742.499, ,m,265.885356,-3.0460191,183.0128
 1683-Dec-10 23:59,2336107.499, , ,265.3431539,-2.9002776,183.0823
 1684-Dec-10 23:59,2336473.499, ,m,264.7986288,-3.2931442,183.134
 1685-Dec-10 23:59,2336838.499, ,m,264.25506,-3.1613279,183.1554
 1686-Dec-10 23:59,2337203.499, , ,263.7101504,-3.032915,183.1377
 1687-Dec-10 23:59,2337568.499, ,m,263.1633783,-2.9351579,183.0562
 1688-Dec-10 23:59,2337934.499, , ,262.6128399,-3.2896933,182.9299
 1689-Dec-10 23:59,2338299.499, , ,262.0627858,-3.17545,182.8027
 1690-Dec-10 23:59,2338664.499, ,m,261.5117017,-3.0616248,182.7376
 1691-Dec-10 23:59,2339029.499, , ,260.9604911,-2.9116447,182.7681
 1692-Dec-10 23:59,2339395.499, ,m,260.4077944,-3.2966992,182.8547
 1693-Dec-10 23:59,2339760.499, ,m,259.8576354,-3.1620572,182.946
 1694-Dec-10 23:59,2340125.499, , ,259.3080021,-3.0207913,183.029
 1695-Dec-10 23:59,2340490.499, ,m,258.7582381,-2.917069,183.0918
 1696-Dec-10 23:59,2340856.499, ,m,258.2059204,-3.2721052,183.1339
 1697-Dec-10 23:59,2341221.499, , ,257.6544861,-3.1523984,183.1434
 1698-Dec-10 23:59,2341586.499, ,m,257.1013875,-3.0476675,183.0975
 1699-Dec-10 23:59,2341951.499, , ,256.5464645,-2.9083081,182.9996
 1700-Dec-10 23:59,2342316.499, , ,255.989715,-2.7990745,182.8592
 1701-Dec-10 23:59,2342681.499, ,m,255.43144,-2.683605,182.7377
 1702-Dec-10 23:59,2343046.499, , ,254.8724687,-2.5391856,182.7065
 1703-Dec-10 23:59,2343411.499, , ,254.3135123,-2.4276544,182.7689
 1704-Dec-10 23:59,2343777.499, ,m,253.7534842,-2.7870385,182.8741
 1705-Dec-10 23:59,2344142.499, , ,253.1960111,-2.6462741,182.9778
 1706-Dec-10 23:59,2344507.499, ,m,252.6390367,-2.5376107,183.0564
 1707-Dec-10 23:59,2344872.499, ,m,252.0820816,-2.3963672,183.1182
 1708-Dec-10 23:59,2345238.499, , ,251.5230591,-2.7704371,183.1588
 1709-Dec-10 23:59,2345603.499, ,m,250.9645799,-2.6617546,183.1671
 1710-Dec-10 23:59,2345968.499, , ,250.404662,-2.521584,183.1365
 1711-Dec-10 23:59,2346333.499, , ,249.8430082,-2.4156904,183.0521
 1712-Dec-10 23:59,2346699.499, ,m,249.2779194,-2.7906951,182.9402
 1713-Dec-10 23:59,2347064.499, , ,248.7132443,-2.6532849,182.8531
 1714-Dec-10 23:59,2347429.499, ,m,248.1478733,-2.5462003,182.8383
 1715-Dec-10 23:59,2347794.499, ,m,247.5825026,-2.4073589,182.9022
 1716-Dec-10 23:59,2348160.499, , ,247.0161304,-2.7687221,182.9994
 1717-Dec-10 23:59,2348525.499, ,m,246.4519722,-2.6549823,183.0886
 1718-Dec-10 23:59,2348890.499, , ,245.88811,-2.510437,183.1681
 1719-Dec-10 23:59,2349255.499, , ,245.3240216,-2.392022,183.2279
 1720-Dec-10 23:59,2349621.499, ,m,244.75739,-2.773399,183.2668
 1721-Dec-10 23:59,2349986.499, , ,244.1911047,-2.6356762,183.2701
 1722-Dec-10 23:59,2350351.499, , ,243.6230436,-2.5329157,183.2164
 1723-Dec-10 23:59,2350716.499, ,m,243.0528922,-2.4121002,183.1101
 1724-Dec-10 23:59,2351082.499, , ,242.4792762,-2.7755363,182.9688
 1725-Dec-10 23:59,2351447.499, ,m,241.9058389,-2.6719734,182.8548
 1726-Dec-10 23:59,2351812.499, ,m,241.3316629,-2.5309463,182.8304
 1727-Dec-10 23:59,2352177.499, , ,240.7575654,-2.4023331,182.8867
 1728-Dec-10 23:59,2352543.499, ,m,240.1822766,-2.7819401,182.9777
 1729-Dec-10 23:59,2352908.499, , ,239.6092417,-2.6332143,183.0686
 1730-Dec-10 23:59,2353273.499, , ,239.0364644,-2.5189748,183.1386
 1731-Dec-10 23:59,2353638.499, ,m,238.463297,-2.3972861,183.1924
 1732-Dec-10 23:59,2354004.499, , ,237.8877293,-2.7545232,183.2198
 1733-Dec-10 23:59,2354369.499, ,m,237.3124795,-2.6529065,183.2085
 1734-Dec-10 23:59,2354734.499, ,m,236.7354953,-2.5236737,183.1544
 1735-Dec-10 23:59,2355099.499, , ,236.1567061,-2.3988664,183.0528
 1736-Dec-10 23:59,2355465.499, ,m,235.5745445,-2.7903933,182.9419
 1737-Dec-10 23:59,2355830.499, , ,234.9928702,-2.6491089,182.8816
 1738-Dec-10 23:59,2356195.499, , ,234.4108181,-2.5275475,182.9033
 1739-Dec-10 23:59,2356560.499, ,m,233.8289479,-2.4082571,182.9917
 1740-Dec-10 23:59,2356926.499, , ,233.2461612,-2.7542714,183.0973
 1741-Dec-10 23:59,2357291.499, , ,232.6656784,-2.6415252,183.186
 1742-Dec-10 23:59,2357656.499, ,m,232.0853261,-2.5124591,183.2611
 1743-Dec-10 23:59,2358021.499, , ,231.5046458,-2.375114,183.3158
 1744-Dec-10 23:59,2358387.499, ,m,230.9213464,-2.7690935,183.3474
 1745-Dec-10 23:59,2358752.499, ,m,230.3381769,-2.6337977,183.3437
 1746-Dec-10 23:59,2359117.499, , ,229.7532087,-2.5146198,183.285
 1747-Dec-10 23:59,2359482.499, ,m,229.1660976,-2.4117458,183.1819
 1748-Dec-10 23:59,2359848.499, , ,228.5755064,-2.7663076,183.0592
 1749-Dec-10 23:59,2360213.499, , ,227.9852857,-2.656462,182.9753
 1750-Dec-10 23:59,2360578.499, ,m,227.3943869,-2.533372,182.9771
 1751-Dec-10 23:59,2360943.499, , ,226.8036193,-2.3880234,183.042
 1752-Dec-10 23:59,2361309.499, ,m,226.211659,-2.7737318,183.1292
 1753-Dec-10 23:59,2361674.499, ,m,225.6216486,-2.6353651,183.2133
 1754-Dec-10 23:59,2362039.499, , ,225.0316454,-2.5029737,183.2786
 1755-Dec-10 23:59,2362404.499, ,m,224.4409274,-2.3984447,183.3271
 1756-Dec-10 23:59,2362770.499, , ,223.8473892,-2.754898,183.3457
 1757-Dec-10 23:59,2363135.499, , ,223.2539286,-2.6422025,183.3193
 1758-Dec-10 23:59,2363500.499, ,m,222.6584084,-2.5345096,183.2465
 1759-Dec-10 23:59,2363865.499, , ,222.0608341,-2.3957404,183.1266
 1760-Dec-10 23:59,2364231.499, ,m,221.4598642,-2.7872616,183.0073
 1761-Dec-10 23:59,2364596.499, ,m,220.8592839,-2.659747,182.9512
 1762-Dec-10 23:59,2364961.499, , ,220.2583891,-2.5182905,182.9805
 1763-Dec-10 23:59,2365326.499, ,m,219.6577233,-2.4103926,183.0699
 1764-Dec-10 23:59,2365692.499, ,m,219.0559754,-2.7601403,183.171
 1765-Dec-10 23:59,2366057.499, , ,218.4564542,-2.63261,183.2541
 1766-Dec-10 23:59,2366422.499, ,m,217.8568735,-2.522552,183.322
 1767-Dec-10 23:59,2366787.499, , ,217.2567335,-2.3784823,183.3681
 1768-Dec-10 23:59,2367153.499, , ,216.6539371,-2.7664991,183.388
 1769-Dec-10 23:59,2367518.499, ,m,216.051121,-2.6490363,183.3738
 1770-Dec-10 23:59,2367883.499, , ,215.4464691,-2.5126955,183.31
 1771-Dec-10 23:59,2368248.499, ,m,214.8397905,-2.413469,183.216
 1772-Dec-10 23:59,2368614.499, ,m,214.2296764,-2.7774654,183.1238
 1773-Dec-10 23:59,2368979.499, , ,213.6202054,-2.6473304,183.0846
 1774-Dec-10 23:59,2369344.499, ,m,213.0102846,-2.539515,183.1228
 1775-Dec-10 23:59,2369709.499, , ,212.4005259,-2.3927442,183.2043
 1776-Dec-10 23:59,2370075.499, , ,211.7896406,-2.7656984,183.2927
 1777-Dec-10 23:59,2370440.499, ,m,211.180502,-2.6484549,183.3736
 1778-Dec-10 23:59,2370805.499, , ,210.5711059,-2.5020012,183.4357
 1779-Dec-10 23:59,2371170.499, , ,209.9608099,-2.3972928,183.4803
 1780-Dec-10 23:59,2371536.499, ,m,209.3473363,-2.7699807,183.4938
 1781-Dec-10 23:59,2371901.499, , ,208.7337203,-2.6383501,183.4603
 1782-Dec-10 23:59,2372266.499, ,m,208.1178594,-2.5440611,183.3808
 1783-Dec-10 23:59,2372631.499, ,m,207.4997061,-2.4100439,183.2591
 1784-Dec-10 23:59,2372997.499, , ,206.8781552,-2.7850906,183.1469
 1785-Dec-10 23:59,2373362.499, ,m,206.2569748,-2.6762988,183.1
 1786-Dec-10 23:59,2373727.499, , ,205.6354053,-2.5260658,183.1301
 1787-Dec-10 23:59,2374092.499, , ,205.0140206,-2.4114572,183.2093
 1788-Dec-10 23:59,2374458.499, ,m,204.3912375,-2.781253,183.2978
 1789-Dec-10 23:59,2374823.499, , ,203.770329,-2.6374406,183.371
 1790-Dec-10 23:59,2375188.499, ,m,203.1490334,-2.5348313,183.4305
 1791-Dec-10 23:59,2375553.499, ,m,202.526706,-2.4026613,183.465
 1792-Dec-10 23:59,2375919.499, , ,201.9014226,-2.7714839,183.469
 1793-Dec-10 23:59,2376284.499, ,m,201.2758749,-2.6717572,183.4357
 1794-Dec-10 23:59,2376649.499, , ,200.6482318,-2.5328457,183.3569
 1795-Dec-10 23:59,2377014.499, , ,200.0185934,-2.4204158,183.2612
 1796-Dec-10 23:59,2377380.499, ,m,199.3855507,-2.805018,183.1887
 1797-Dec-10 23:59,2377745.499, , ,198.7533043,-2.6585956,183.1819
 1798-Dec-10 23:59,2378110.499, ,m,198.1208761,-2.5504912,183.2458
 1799-Dec-10 23:59,2378475.499, ,m,197.4886145,-2.4183352,183.3396
 1800-Dec-10 23:59,2378840.499, , ,196.8568213,-2.2746664,183.4295
 1801-Dec-10 23:59,2379205.499, ,m,196.2250464,-2.1716237,183.5091
 1802-Dec-10 23:59,2379570.499, ,m,195.592723,-2.032441,183.5682
 1803-Dec-10 23:59,2379935.499, , ,194.9593808,-1.9078713,183.609
 1804-Dec-10 23:59,2380301.499, ,m,194.3229304,-2.3032788,183.6176
 1805-Dec-10 23:59,2380666.499, , ,193.6858016,-2.1626044,183.5809
 1806-Dec-10 23:59,2381031.499, , ,193.0463915,-2.0583369,183.5025
 1807-Dec-10 23:59,2381396.499, ,m,192.4045406,-1.9465962,183.3935
 1808-Dec-10 23:59,2381762.499, , ,191.759551,-2.3007662,183.3037
 1809-Dec-10 23:59,2382127.499, ,m,191.1147902,-2.1976968,183.2795
 1810-Dec-10 23:59,2382492.499, ,m,190.4695307,-2.0615503,183.3199
 1811-Dec-10 23:59,2382857.499, , ,189.8243916,-1.9240725,183.3969
 1812-Dec-10 23:59,2383223.499, ,m,189.1779137,-2.3136398,183.4795
 1813-Dec-10 23:59,2383588.499, , ,188.5325732,-2.168885,183.5477
 1814-Dec-10 23:59,2383953.499, , ,187.8865284,-2.0520003,183.6027
 1815-Dec-10 23:59,2384318.499, ,m,187.2389747,-1.9455971,183.6296
 1816-Dec-10 23:59,2384684.499, , ,186.5882532,-2.2999044,183.622
 1817-Dec-10 23:59,2385049.499, , ,185.9367182,-2.2008859,183.5723
 1818-Dec-10 23:59,2385414.499, ,m,185.2826642,-2.0815067,183.477
 1819-Dec-10 23:59,2385779.499, , ,184.6264012,-1.9472121,183.3702
 1820-Dec-10 23:59,2386145.499, ,m,183.96695,-2.3443917,183.2977
 1821-Dec-10 23:59,2386510.499, ,m,183.3078585,-2.2029018,183.2961
 1822-Dec-10 23:59,2386875.499, , ,182.6486123,-2.0750645,183.362
 1823-Dec-10 23:59,2387240.499, ,m,181.989398,-1.9643444,183.4529
 1824-Dec-10 23:59,2387606.499, , ,181.3290238,-2.309596,183.5384
 1825-Dec-10 23:59,2387971.499, , ,180.6699183,-2.198108,183.6125
 1826-Dec-10 23:59,2388336.499, ,m,180.0099518,-2.07885,183.6649
 1827-Dec-10 23:59,2388701.499, , ,179.3487116,-1.9407176,183.6971
 1828-Dec-10 23:59,2389067.499, ,m,178.6842423,-2.3383713,183.6972
 1829-Dec-10 23:59,2389432.499, ,m,178.0188845,-2.2112936,183.6557
 1830-Dec-10 23:59,2389797.499, , ,177.351215,-2.0869968,183.5817
 1831-Dec-10 23:59,2390162.499, ,m,176.6811437,-1.9877815,183.4941
 1832-Dec-10 23:59,2390528.499, , ,176.0079086,-2.342971,183.439
 1833-Dec-10 23:59,2390893.499, , ,175.3351312,-2.2245775,183.4498
 1834-Dec-10 23:59,2391258.499, ,m,174.6618639,-2.109034,183.5099
 1835-Dec-10 23:59,2391623.499, , ,173.9885771,-1.961699,183.5919
 1836-Dec-10 23:59,2391989.499, , ,173.3137873,-2.3486029,183.6727
 1837-Dec-10 23:59,2392354.499, ,m,172.6397528,-2.2214226,183.7379
 1838-Dec-10 23:59,2392719.499, , ,171.96466,-2.0867698,183.7887
 1839-Dec-10 23:59,2393084.499, ,m,171.2877274,-1.9890219,183.8108
 1840-Dec-10 23:59,2393450.499, ,m,170.6071351,-2.3519287,183.7967
 1841-Dec-10 23:59,2393815.499, , ,169.9254711,-2.2367588,183.7411
 1842-Dec-10 23:59,2394180.499, ,m,169.240987,-2.1358593,183.6438
 1843-Dec-10 23:59,2394545.499, , ,168.5540064,-1.9978908,183.5424
 1844-Dec-10 23:59,2394911.499, , ,167.8637626,-2.3851869,183.481
 1845-Dec-10 23:59,2395276.499, ,m,167.1737336,-2.2628806,183.4854
 1846-Dec-10 23:59,2395641.499, , ,166.4833292,-2.1206375,183.5472
 1847-Dec-10 23:59,2396006.499, ,m,165.7927079,-2.0124841,183.6274
 1848-Dec-10 23:59,2396372.499, ,m,165.1003659,-2.3740433,183.7025
 1849-Dec-10 23:59,2396737.499, , ,164.4088689,-2.2447163,183.7661
 1850-Dec-10 23:59,2397102.499, ,m,163.7160392,-2.1418239,183.8071
 1851-Dec-10 23:59,2397467.499, ,m,163.0213696,-2.0071913,183.8244
 1852-Dec-10 23:59,2397833.499, , ,162.3231163,-2.3902326,183.8088
 1853-Dec-10 23:59,2398198.499, ,m,161.6236479,-2.284044,183.7544
 1854-Dec-10 23:59,2398563.499, , ,160.9216132,-2.1483492,183.679
 1855-Dec-10 23:59,2398928.499, , ,160.2171899,-2.0445799,183.608
 1856-Dec-10 23:59,2399294.499, ,m,159.5095232,-2.4170208,183.583
 1857-Dec-10 23:59,2399659.499, , ,158.8024386,-2.2793681,183.6225
 1858-Dec-10 23:59,2400024.499, ,m,158.09491,-2.1726066,183.6991
 1859-Dec-10 23:59,2400389.499, ,m,157.3871465,-2.033672,183.7859
 1860-Dec-10 23:59,2400755.499, , ,156.6776706,-2.4029417,183.866
 1861-Dec-10 23:59,2401120.499, ,m,155.9686698,-2.2955188,183.9284
 1862-Dec-10 23:59,2401485.499, , ,155.2582001,-2.1574258,183.9749
 1863-Dec-10 23:59,2401850.499, , ,154.5456112,-2.0503376,183.9933
 1864-Dec-10 23:59,2402216.499, ,m,153.8289217,-2.4351538,183.9761
 1865-Dec-10 23:59,2402581.499, , ,153.1108713,-2.3042864,183.923
 1866-Dec-10 23:59,2402946.499, ,m,152.3898054,-2.2063495,183.8375
 1867-Dec-10 23:59,2403311.499, ,m,151.6659696,-2.083049,183.7582
 1868-Dec-10 23:59,2403677.499, , ,150.9387235,-2.449256,183.7222
 1869-Dec-10 23:59,2404042.499, ,m,150.2116093,-2.3434392,183.7431
 1870-Dec-10 23:59,2404407.499, ,m,149.4837805,-2.2027064,183.8079
 1871-Dec-10 23:59,2404772.499, , ,148.7554162,-2.0800736,183.884
 1872-Dec-10 23:59,2405138.499, ,m,148.0247398,-2.465264,183.9535
 1873-Dec-10 23:59,2405503.499, , ,147.2943186,-2.3250802,184.0112
 1874-Dec-10 23:59,2405868.499, , ,146.5620165,-2.2218902,184.0452
 1875-Dec-10 23:59,2406233.499, ,m,145.8271704,-2.1066945,184.0529
 1876-Dec-10 23:59,2406599.499, , ,145.0880951,-2.4727506,184.0258
 1877-Dec-10 23:59,2406964.499, ,m,144.3473591,-2.378331,183.9605
 1878-Dec-10 23:59,2407329.499, ,m,143.6034911,-2.2506642,183.8796
 1879-Dec-10 23:59,2407694.499, , ,142.8569272,-2.1298895,183.8117
 1880-Dec-10 23:59,2408060.499, ,m,142.1067906,-2.5217821,183.7955
 1881-Dec-10 23:59,2408425.499, , ,141.356966,-2.3790153,183.8405
 1882-Dec-10 23:59,2408790.499, , ,140.6064659,-2.26442,183.9175
 1883-Dec-10 23:59,2409155.499, ,m,139.8552634,-2.146614,184.0009
 1884-Dec-10 23:59,2409521.499, , ,139.1017883,-2.5013359,184.0769
 1885-Dec-10 23:59,2409886.499, ,m,138.3484207,-2.3988754,184.1349
 1886-Dec-10 23:59,2410251.499, ,m,137.592997,-2.2753408,184.1762
 1887-Dec-10 23:59,2410616.499, , ,136.8350268,-2.1494588,184.1903
 1888-Dec-10 23:59,2410982.499, ,m,136.0724992,-2.5515675,184.1718
 1889-Dec-10 23:59,2411347.499, , ,135.3082094,-2.4212208,184.1244
 1890-Dec-10 23:59,2411712.499, , ,134.5406741,-2.3095284,184.0566
 1891-Dec-10 23:59,2412077.499, ,m,133.7701091,-2.2069367,184.0057
 1892-Dec-10 23:59,2412443.499, , ,132.9958353,-2.5608857,184.0003
 1893-Dec-10 23:59,2412808.499, , ,132.2216075,-2.4546751,184.042
 1894-Dec-10 23:59,2413173.499, ,m,131.4462196,-2.3323542,184.114
 1895-Dec-10 23:59,2413538.499, , ,130.6697763,-2.1939276,184.1908
 1896-Dec-10 23:59,2413904.499, ,m,129.8903618,-2.5918148,184.2587
 1897-Dec-10 23:59,2414269.499, ,m,129.1104791,-2.4598602,184.3146
 1898-Dec-10 23:59,2414634.499, , ,128.3280302,-2.3418552,184.3461
 1899-Dec-10 23:59,2414999.499, ,m,127.5422998,-2.246209,184.3513
 1900-Dec-10 23:59,2415364.499, , ,126.7529618,-2.1141151,184.322
 1901-Dec-10 23:59,2415729.499, , ,125.9598602,-2.0103145,184.2578
 1902-Dec-10 23:59,2416094.499, ,m,125.1629344,-1.9082655,184.1827
 1903-Dec-10 23:59,2416459.499, , ,124.3627072,-1.7725663,184.1253
 1904-Dec-10 23:59,2416825.499, ,m,123.5586835,-2.1672567,184.1167
 1905-Dec-10 23:59,2417190.499, ,m,122.7540796,-2.0426108,184.1605
 1906-Dec-10 23:59,2417555.499, , ,121.9481239,-1.9076086,184.23
 1907-Dec-10 23:59,2417920.499, ,m,121.140681,-1.8080688,184.3046
 1908-Dec-10 23:59,2418286.499, , ,120.3301302,-2.1692319,184.3724
 1909-Dec-10 23:59,2418651.499, , ,119.5186501,-2.0531559,184.4221
 1910-Dec-10 23:59,2419016.499, ,m,118.7041459,-1.9567325,184.4543
 1911-Dec-10 23:59,2419381.499, , ,117.8861337,-1.8230076,184.4587
 1912-Dec-10 23:59,2419747.499, , ,117.0630319,-2.2216829,184.4339
 1913-Dec-10 23:59,2420112.499, ,m,116.2371499,-2.1139658,184.3875
 1914-Dec-10 23:59,2420477.499, , ,115.4074012,-1.9834364,184.3339
 1915-Dec-10 23:59,2420842.499, ,m,114.5741768,-1.8902226,184.307
 1916-Dec-10 23:59,2421208.499, ,m,113.7368437,-2.2562421,184.3272
 1917-Dec-10 23:59,2421573.499, , ,112.8989263,-2.1308451,184.3859
 1918-Dec-10 23:59,2421938.499, ,m,112.0591997,-2.031077,184.4656
 1919-Dec-10 23:59,2422303.499, , ,111.2175331,-1.8928079,184.5453
 1920-Dec-10 23:59,2422669.499, , ,110.372275,-2.2802533,184.6142
 1921-Dec-10 23:59,2423034.499, ,m,109.5253477,-2.1756164,184.6703
 1922-Dec-10 23:59,2423399.499, , ,108.6748106,-2.0443811,184.7027
 1923-Dec-10 23:59,2423764.499, ,m,107.8200729,-1.9525309,184.7099
 1924-Dec-10 23:59,2424130.499, ,m,106.9592685,-2.3362046,184.6869
 1925-Dec-10 23:59,2424495.499, , ,106.0951565,-2.2160556,184.6366
 1926-Dec-10 23:59,2424860.499, ,m,105.2263307,-2.1290898,184.5827
 1927-Dec-10 23:59,2425225.499, ,m,104.3532169,-2.0024625,184.5507
 1928-Dec-10 23:59,2425591.499, , ,103.4753419,-2.3835662,184.5613
 1929-Dec-10 23:59,2425956.499, ,m,102.5959989,-2.2827805,184.6136
 1930-Dec-10 23:59,2426321.499, , ,101.7140665,-2.144238,184.6836
 1931-Dec-10 23:59,2426686.499, , ,100.82941,-2.0421078,184.7562
 1932-Dec-10 23:59,2427052.499, ,m,99.93999357,-2.4278836,184.8214
 1933-Dec-10 23:59,2427417.499, , ,99.04826672,-2.3002831,184.8686
 1934-Dec-10 23:59,2427782.499, ,m,98.15202748,-2.2150745,184.8974
 1935-Dec-10 23:59,2428147.499, ,m,97.25062978,-2.0986427,184.8989
 1936-Dec-10 23:59,2428513.499, , ,96.34248228,-2.4836834,184.8731
 1937-Dec-10 23:59,2428878.499, ,m,95.43021923,-2.3973781,184.8305
 1938-Dec-10 23:59,2429243.499, , ,94.51256504,-2.2709678,184.7877
 1939-Dec-10 23:59,2429608.499, , ,93.59014406,-2.1687085,184.775
 1940-Dec-10 23:59,2429974.499, ,m,92.66204498,-2.5620342,184.8071
 1941-Dec-10 23:59,2430339.499, , ,91.73206005,-2.4292086,184.8719
 1942-Dec-10 23:59,2430704.499, ,m,90.79877667,-2.3348454,184.9538
 1943-Dec-10 23:59,2431069.499, ,m,89.86178189,-2.2207275,185.0347
 1944-Dec-10 23:59,2431435.499, , ,88.91925765,-2.5945521,185.1056
 1945-Dec-10 23:59,2431800.499, ,m,87.97346392,-2.5098544,185.1642
 1946-Dec-10 23:59,2432165.499, ,m,87.02210395,-2.3904812,185.2018
 1947-Dec-10 23:59,2432530.499, , ,86.06472273,-2.2884034,185.2176
 1948-Dec-10 23:59,2432896.499, ,m,85.09915231,-2.7002418,185.2103
 1949-Dec-10 23:59,2433261.499, , ,84.12851052,-2.577981,185.1846
 1950-Dec-10 23:59,2433626.499, , ,83.1513434,-2.4914603,185.1633
 1951-Dec-10 23:59,2433991.499, ,m,82.16793042,-2.3909648,185.1662
 1952-Dec-10 23:59,2434357.499, , ,81.17754404,-2.7625329,185.2046
 1953-Dec-10 23:59,2434722.499, ,m,80.18381667,-2.6777062,185.2738
 1954-Dec-10 23:59,2435087.499, ,m,79.18500538,-2.5599802,185.3538
 1955-Dec-10 23:59,2435452.499, , ,78.18090014,-2.4501776,185.4343
 1956-Dec-10 23:59,2435818.499, ,m,77.16902695,-2.8642671,185.5073
 1957-Dec-10 23:59,2436183.499, , ,76.15207136,-2.7459714,185.5642
 1958-Dec-10 23:59,2436548.499, , ,75.12764168,-2.6596529,185.6042
 1959-Dec-10 23:59,2436913.499, ,m,74.09487506,-2.5759958,185.6209
 1960-Dec-10 23:59,2437279.499, , ,73.05180192,-2.9599381,185.6149
 1961-Dec-10 23:59,2437644.499, ,m,72.00168122,-2.8869204,185.5977
 1962-Dec-10 23:59,2438009.499, ,m,70.94271916,-2.7902469,185.5839
 1963-Dec-10 23:59,2438374.499, , ,69.87558137,-2.681846,185.5977
 1964-Dec-10 23:59,2438740.499, ,m,68.79890502,-3.1026019,185.6478
 1965-Dec-10 23:59,2439105.499, ,m,67.71668014,-2.9887701,185.7233
 1966-Dec-10 23:59,2439470.499, , ,66.62706145,-2.8948381,185.8129
 1967-Dec-10 23:59,2439835.499, ,m,65.52927583,-2.8185636,185.9025
 1968-Dec-10 23:59,2440201.499, , ,64.42086742,-3.2032128,185.985
 1969-Dec-10 23:59,2440566.499, , ,63.30474314,-3.1331047,186.0573
 1970-Dec-10 23:59,2440931.499, ,m,62.17790622,-3.0532201,186.1132
 1971-Dec-10 23:59,2441296.499, , ,61.03978585,-2.9553225,186.1528
 1972-Dec-10 23:59,2441662.499, ,m,59.88769776,-3.3955654,186.1782
 1973-Dec-10 23:59,2442027.499, ,m,58.72520787,-3.3060708,186.1954
 1974-Dec-10 23:59,2442392.499, , ,57.55040851,-3.2248733,186.2238
 1975-Dec-10 23:59,2442757.499, ,m,56.36329056,-3.1661774,186.2766
 1976-Dec-10 23:59,2443123.499, , ,55.16217338,-3.5640454,186.359
 1977-Dec-10 23:59,2443488.499, , ,53.9512519,-3.4973937,186.465
 1978-Dec-10 23:59,2443853.499, ,m,52.72761729,-3.433335,186.5807
 1979-Dec-10 23:59,2444218.499, , ,51.49046,-3.3450599,186.6986
 1980-Dec-10 23:59,2444584.499, ,m,50.2362823,-3.7959674,186.8135
 1981-Dec-10 23:59,2444949.499, ,m,48.96800857,-3.7330751,186.9187
 1982-Dec-10 23:59,2445314.499, , ,47.68215714,-3.6688975,187.0146
 1983-Dec-10 23:59,2445679.499, ,m,46.37715687,-3.6426018,187.0979
 1984-Dec-10 23:59,2446045.499, ,m,45.04944607,-4.0790326,187.1712
 1985-Dec-10 23:59,2446410.499, , ,43.70285626,-4.0428097,187.2442
 1986-Dec-10 23:59,2446775.499, ,m,42.33388868,-4.0234826,187.3276
 1987-Dec-10 23:59,2447140.499, , ,40.94202196,-3.9711532,187.4372
 1988-Dec-10 23:59,2447506.499, , ,39.523867,-4.4550202,187.578
 1989-Dec-10 23:59,2447871.499, ,m,38.08309778,-4.4375871,187.7439
 1990-Dec-10 23:59,2448236.499, , ,36.61526907,-4.4123908,187.9295
 1991-Dec-10 23:59,2448601.499, ,m,35.11751147,-4.436684,188.128
 1992-Dec-10 23:59,2448967.499, ,m,33.5837115,-4.9373377,188.3369
 1993-Dec-10 23:59,2449332.499, , ,32.01598624,-4.9673988,188.5561
 1994-Dec-10 23:59,2449697.499, ,m,30.40692095,-5.0389082,188.7856
 1995-Dec-10 23:59,2450062.499, , ,28.75175186,-5.0937731,189.0311
 1996-Dec-10 23:59,2450428.499, , ,27.04160247,-5.6945247,189.3007
 1997-Dec-10 23:59,2450793.499, ,m,25.27619842,-5.8328453,189.6054
 1998-Dec-10 23:59,2451158.499, , ,23.44441441,-5.9830818,189.9669
 1999-Dec-10 23:59,2451523.499, , ,21.53583423,-6.2229577,190.4074
 2000-Dec-10 23:59,2451889.499, ,m,19.53225372,-7.0056563,190.9567
 2001-Dec-10 23:59,2452254.499, , ,17.42139954,-7.3976992,191.6508
 2002-Dec-10 23:59,2452619.499, ,m,15.16827784,-7.9907457,192.5591
 2003-Dec-10 23:59,2452984.499, ,m,12.72296667,-8.8295648,193.826
 2004-Dec-10 23:59,2453350.499, , ,9.987917106,-10.7272438,195.8137
 2005-Dec-10 23:59,2453715.499, ,m,6.760892249,-13.7385739,199.7892
 2006-Dec-10 23:59,2454080.499, , ,1.910397185,-37.8404084,229.2026
 2007-Dec-10 23:59,2454445.499, , ,5.861328149,17.5875398,158.9206
 2008-Dec-10 23:59,2454811.499, ,m,9.27285413,13.6868179,163.6897
 2009-Dec-10 23:59,2455176.499, , ,12.08751318,12.1411397,165.8987
 2010-Dec-10 23:59,2455541.499, ,m,14.5855757,11.207416,167.2612
 2011-Dec-10 23:59,2455906.499, ,m,16.87457942,10.6120529,168.1974
 2012-Dec-10 23:59,2456272.499, , ,19.01703783,9.7657334,168.8797
 2013-Dec-10 23:59,2456637.499, ,m,21.03567302,9.4317552,169.4041
 2014-Dec-10 23:59,2457002.499, , ,22.95900843,9.2072015,169.8307
 2015-Dec-10 23:59,2457367.499, , ,24.80267967,9.0147841,170.1989
 2016-Dec-10 23:59,2457733.499, ,m,26.58286013,8.4316989,170.5365
 2017-Dec-10 23:59,2458098.499, , ,28.29845352,8.3347712,170.8514
 2018-Dec-10 23:59,2458463.499, ,m,29.96103949,8.2314615,171.1569
 2019-Dec-10 23:59,2458828.499, ,m,31.57609151,8.1688125,171.4528
 2020-Dec-10 23:59,2459194.499, , ,33.1529139,7.6918169,171.7315
 2021-Dec-10 23:59,2459559.499, ,m,34.68664188,7.6396004,171.9807
 2022-Dec-10 23:59,2459924.499, ,m,36.18568522,7.636405,172.1797
 2023-Dec-10 23:59,2460289.499, , ,37.6536875,7.6307058,172.3217
 2024-Dec-10 23:59,2460655.499, ,m,39.09776663,7.1775251,172.4201
 2025-Dec-10 23:59,2461020.499, , ,40.51212528,7.2111282,172.4913
 2026-Dec-10 23:59,2461385.499, , ,41.90255851,7.2164871,172.561
 2027-Dec-10 23:59,2461750.499, ,m,43.27026579,7.240886,172.6423
 2028-Dec-10 23:59,2462116.499, , ,44.62035235,6.8381687,172.7394
 2029-Dec-10 23:59,2462481.499, ,m,45.94562358,6.8517803,172.8607
 2030-Dec-10 23:59,2462846.499, ,m,47.25079705,6.9009191,173.0003
 2031-Dec-10 23:59,2463211.499, , ,48.53678128,6.9459322,173.1545
 2032-Dec-10 23:59,2463577.499, ,m,49.80822417,6.523889,173.3124
 2033-Dec-10 23:59,2463942.499, , ,51.05884611,6.5917997,173.446
 2034-Dec-10 23:59,2464307.499, , ,52.29375799,6.6382313,173.5377
 2035-Dec-10 23:59,2464672.499, ,m,53.51433404,6.6917168,173.5793
 2036-Dec-10 23:59,2465038.499, , ,54.72559078,6.3223041,173.5811
 2037-Dec-10 23:59,2465403.499, ,m,55.92096096,6.3722731,173.5739
 2038-Dec-10 23:59,2465768.499, ,m,57.10432991,6.4454614,173.5738
 2039-Dec-10 23:59,2466133.499, , ,58.27588073,6.5258648,173.5953
 2040-Dec-10 23:59,2466499.499, ,m,59.43903923,6.1196311,173.648
 2041-Dec-10 23:59,2466864.499, , ,60.58670178,6.2051023,173.7284
 2042-Dec-10 23:59,2467229.499, , ,61.72242089,6.271954,173.8407
 2043-Dec-10 23:59,2467594.499, ,m,62.84624594,6.3292672,173.9757
 2044-Dec-10 23:59,2467960.499, , ,63.96215416,5.9682934,174.1142
 2045-Dec-10 23:59,2468325.499, , ,65.06394598,6.0289893,174.2346
 2046-Dec-10 23:59,2468690.499, ,m,66.1558731,6.1095586,174.3062
 2047-Dec-10 23:59,2469055.499, , ,67.2391192,6.2088355,174.3225
 2048-Dec-10 23:59,2469421.499, ,m,68.3178252,5.8173781,174.3045
 2049-Dec-10 23:59,2469786.499, ,m,69.38568497,5.9173091,174.2727
 2050-Dec-10 23:59,2470151.499, , ,70.44608602,6.0065686,174.2548
 2051-Dec-10 23:59,2470516.499, ,m,71.4987204,6.0766811,174.262
 2052-Dec-10 23:59,2470882.499, , ,72.54670698,5.7226626,174.2974
 2053-Dec-10 23:59,2471247.499, , ,73.58323462,5.7975015,174.369
 2054-Dec-10 23:59,2471612.499, ,m,74.61127605,5.8749706,174.4695
 2055-Dec-10 23:59,2471977.499, , ,75.63097561,5.9778049,174.5908
 2056-Dec-10 23:59,2472343.499, ,m,76.64585733,5.5874508,174.7165
 2057-Dec-10 23:59,2472708.499, ,m,77.65000341,5.6830588,174.8083
 2058-Dec-10 23:59,2473073.499, , ,78.64754138,5.7863141,174.8458
 2059-Dec-10 23:59,2473438.499, ,m,79.63930975,5.8631463,174.8261
 2060-Dec-10 23:59,2473804.499, , ,80.62918269,5.5187742,174.768
 2061-Dec-10 23:59,2474169.499, , ,81.61113524,5.6127288,174.709
 2062-Dec-10 23:59,2474534.499, ,m,82.58798114,5.6971593,174.6647
 2063-Dec-10 23:59,2474899.499, , ,83.55947393,5.8134727,174.6478
 2064-Dec-10 23:59,2475265.499, ,m,84.52840179,5.4308348,174.6675
 2065-Dec-10 23:59,2475630.499, ,m,85.48801448,5.5256757,174.7198
 2066-Dec-10 23:59,2475995.499, , ,86.44123982,5.6313968,174.8084
 2067-Dec-10 23:59,2476360.499, ,m,87.38795251,5.7047752,174.9229
 2068-Dec-10 23:59,2476726.499, ,m,88.33142685,5.3509142,175.0369
 2069-Dec-10 23:59,2477091.499, , ,89.26614627,5.4489239,175.1245
 2070-Dec-10 23:59,2477456.499, ,m,90.19576635,5.5341112,175.1528
 2071-Dec-10 23:59,2477821.499, , ,91.12114498,5.6547533,175.1241
 2072-Dec-10 23:59,2478187.499, , ,92.04595765,5.287777,175.0682
 2073-Dec-10 23:59,2478552.499, ,m,92.96406475,5.3856126,175.0083
 2074-Dec-10 23:59,2478917.499, , ,93.87829748,5.5047172,174.9698
 2075-Dec-10 23:59,2479282.499, ,m,94.78824861,5.589056,174.9627
 2076-Dec-10 23:59,2479648.499, ,m,95.69642153,5.2312176,174.9882
 2077-Dec-10 23:59,2480013.499, , ,96.59655747,5.3381373,175.0559
 2078-Dec-10 23:59,2480378.499, ,m,97.49121719,5.4161018,175.1579
 2079-Dec-10 23:59,2480743.499, ,m,98.38036367,5.5293803,175.2837
 2080-Dec-10 23:59,2481109.499, , ,99.26737116,5.16218,175.4113
 2081-Dec-10 23:59,2481474.499, ,m,100.1466972,5.2518849,175.4941
 2082-Dec-10 23:59,2481839.499, , ,101.0221407,5.3765654,175.5126
 2083-Dec-10 23:59,2482204.499, , ,101.8945238,5.4698848,175.4715
 2084-Dec-10 23:59,2482570.499, ,m,102.7671593,5.1159381,175.3974
 2085-Dec-10 23:59,2482935.499, , ,103.6343575,5.2368634,175.3291
 2086-Dec-10 23:59,2483300.499, ,m,104.4986124,5.3243365,175.2811
 2087-Dec-10 23:59,2483665.499, ,m,105.3594783,5.4404113,175.2624
 2088-Dec-10 23:59,2484031.499, , ,106.2196114,5.0818709,175.2834
 2089-Dec-10 23:59,2484396.499, ,m,107.0726279,5.1686305,175.3373
 2090-Dec-10 23:59,2484761.499, , ,107.9211693,5.2869576,175.4275
 2091-Dec-10 23:59,2485126.499, , ,108.7652992,5.3814607,175.5386
 2092-Dec-10 23:59,2485492.499, ,m,109.608029,5.0135183,175.6372
 2093-Dec-10 23:59,2485857.499, , ,110.4442827,5.1364676,175.6937
 2094-Dec-10 23:59,2486222.499, ,m,111.2776082,5.2289408,175.6811
 2095-Dec-10 23:59,2486587.499, ,m,112.1086058,5.3442016,175.6137
 2096-Dec-10 23:59,2486953.499, , ,112.9407174,5.0019052,175.5296
 2097-Dec-10 23:59,2487318.499, ,m,113.7679744,5.0934633,175.4519
 2098-Dec-10 23:59,2487683.499, ,m,114.5927928,5.2179945,175.4016
 2099-Dec-10 23:59,2488048.499, , ,115.4148405,5.3230144,175.3879
 2100-Dec-10 23:59,2488413.499, ,m,116.2334368,5.4134047,175.4092
 2101-Dec-10 23:59,2488778.499, , ,117.0482474,5.5361964,175.4776
 2102-Dec-10 23:59,2489143.499, , ,117.8590122,5.628163,175.5819
 2103-Dec-10 23:59,2489508.499, ,m,118.6655457,5.7258856,175.7093
 2104-Dec-10 23:59,2489874.499, , ,119.471437,5.3840554,175.8313
 2105-Dec-10 23:59,2490239.499, ,m,120.2710055,5.4734221,175.8985
 2106-Dec-10 23:59,2490604.499, ,m,121.0679681,5.591966,175.8957
 2107-Dec-10 23:59,2490969.499, , ,121.8632011,5.7136952,175.8378
 2108-Dec-10 23:59,2491335.499, ,m,122.6599661,5.3435529,175.7554
 2109-Dec-10 23:59,2491700.499, , ,123.4520395,5.4722437,175.6866
 2110-Dec-10 23:59,2492065.499, , ,124.2421429,5.5795347,175.6431
 2111-Dec-10 23:59,2492430.499, ,m,125.0296426,5.6754501,175.6327
 2112-Dec-10 23:59,2492796.499, , ,125.8173073,5.3371065,175.6667
 2113-Dec-10 23:59,2493161.499, , ,126.5986158,5.4264957,175.737
 2114-Dec-10 23:59,2493526.499, ,m,127.3761987,5.5308177,175.8462
 2115-Dec-10 23:59,2493891.499, , ,128.1503035,5.6522712,175.9717
 2116-Dec-10 23:59,2494257.499, ,m,128.9242125,5.2728156,176.0721
 2117-Dec-10 23:59,2494622.499, ,m,129.6924698,5.3978964,176.1123
 2118-Dec-10 23:59,2494987.499, , ,130.458986,5.5146156,176.0739
 2119-Dec-10 23:59,2495352.499, ,m,131.2242297,5.6128655,175.9818
 2120-Dec-10 23:59,2495718.499, , ,131.9916269,5.284232,175.8822
 2121-Dec-10 23:59,2496083.499, , ,132.754975,5.3857832,175.7958
 2122-Dec-10 23:59,2496448.499, ,m,133.5166222,5.4931251,175.7407
 2123-Dec-10 23:59,2496813.499, , ,134.2762767,5.62158,175.724
 2124-Dec-10 23:59,2497179.499, ,m,135.0363865,5.2440716,175.7437
 2125-Dec-10 23:59,2497544.499, ,m,135.790425,5.3600171,175.8115
 2126-Dec-10 23:59,2497909.499, , ,136.5412719,5.4744906,175.9148
 2127-Dec-10 23:59,2498274.499, ,m,137.2887834,5.5627703,176.0359
 2128-Dec-10 23:59,2498640.499, , ,138.036391,5.2231806,176.1402
 2129-Dec-10 23:59,2499005.499, , ,138.7788137,5.3300826,176.1781
 2130-Dec-10 23:59,2499370.499, ,m,139.5195262,5.4327069,176.1434
 2131-Dec-10 23:59,2499735.499, , ,140.2592885,5.5696572,176.0646
 2132-Dec-10 23:59,2500101.499, , ,141.0012477,5.2029529,175.9723
 2133-Dec-10 23:59,2500466.499, ,m,141.7390442,5.3190889,175.9021
 2134-Dec-10 23:59,2500831.499, , ,142.4753541,5.4471153,175.8607
 2135-Dec-10 23:59,2501196.499, ,m,143.2095323,5.5358591,175.8557
 2136-Dec-10 23:59,2501562.499, ,m,143.9441214,5.1931604,175.8984
 2137-Dec-10 23:59,2501927.499, , ,144.672918,5.30084,175.9824
 2138-Dec-10 23:59,2502292.499, ,m,145.3984296,5.3908755,176.1087
 2139-Dec-10 23:59,2502657.499, , ,146.1209124,5.5204451,176.2503
 2140-Dec-10 23:59,2503023.499, , ,146.8437837,5.1508284,176.357
 2141-Dec-10 23:59,2503388.499, ,m,147.5616444,5.2614832,176.3921
 2142-Dec-10 23:59,2503753.499, , ,148.2783621,5.3962231,176.3455
 2143-Dec-10 23:59,2504118.499, ,m,148.9943961,5.4946879,176.25
 2144-Dec-10 23:59,2504484.499, ,m,149.7128245,5.1551975,176.1548
 2145-Dec-10 23:59,2504849.499, , ,150.4276384,5.2768792,176.076
 2146-Dec-10 23:59,2505214.499, ,m,151.1410917,5.3714552,176.0307
 2147-Dec-10 23:59,2505579.499, , ,151.8527984,5.5004468,176.0247
 2148-Dec-10 23:59,2505945.499, , ,152.5653518,5.137569,176.0563
 2149-Dec-10 23:59,2506310.499, ,m,153.2722977,5.2358483,176.1348
 2150-Dec-10 23:59,2506675.499, , ,153.9765277,5.3659501,176.2447
 2151-Dec-10 23:59,2507040.499, , ,154.6781304,5.460019,176.3587
 2152-Dec-10 23:59,2507406.499, ,m,155.3803951,5.1074123,176.4378
 2153-Dec-10 23:59,2507771.499, , ,156.0783289,5.2362566,176.4365
 2154-Dec-10 23:59,2508136.499, ,m,156.7753394,5.3319742,176.3645
 2155-Dec-10 23:59,2508501.499, ,m,157.4719413,5.4658571,176.2624
 2156-Dec-10 23:59,2508867.499, , ,158.1712384,5.1168007,176.1591
 2157-Dec-10 23:59,2509232.499, ,m,158.8668004,5.2176663,176.0854
 2158-Dec-10 23:59,2509597.499, , ,159.5611486,5.3538569,176.0442
 2159-Dec-10 23:59,2509962.499, , ,160.2537499,5.452971,176.0417
 2160-Dec-10 23:59,2510328.499, ,m,160.9469489,5.0921613,176.0901
 2161-Dec-10 23:59,2510693.499, , ,161.6347121,5.2169665,176.1825
 2162-Dec-10 23:59,2511058.499, ,m,162.3196106,5.305374,176.3161
 2163-Dec-10 23:59,2511423.499, ,m,163.001823,5.4247225,176.4594
 2164-Dec-10 23:59,2511789.499, , ,163.6849027,5.076253,176.5555
 2165-Dec-10 23:59,2512154.499, ,m,164.3635509,5.1742056,176.5736
 2166-Dec-10 23:59,2512519.499, , ,165.0414387,5.3114476,176.5139
 2167-Dec-10 23:59,2512884.499, , ,165.7190561,5.425485,176.4162
 2168-Dec-10 23:59,2513250.499, ,m,166.3991897,5.0654156,176.3267
 2169-Dec-10 23:59,2513615.499, , ,167.0758261,5.2018078,176.2584
 2170-Dec-10 23:59,2513980.499, ,m,167.7512547,5.2985946,176.2264
 2171-Dec-10 23:59,2514345.499, ,m,168.4249316,5.4131784,176.2379
 2172-Dec-10 23:59,2514711.499, , ,169.0995204,5.069401,176.291
 2173-Dec-10 23:59,2515076.499, ,m,169.7687314,5.1575068,176.3945
 2174-Dec-10 23:59,2515441.499, ,m,170.4353765,5.2844786,176.5266
 2175-Dec-10 23:59,2515806.499, , ,171.0998007,5.3961757,176.6491
 2176-Dec-10 23:59,2516172.499, ,m,171.7652921,5.0275654,176.7157
 2177-Dec-10 23:59,2516537.499, , ,172.4269492,5.1661555,176.6863
 2178-Dec-10 23:59,2516902.499, , ,173.088274,5.271869,176.5874
 2179-Dec-10 23:59,2517267.499, ,m,173.7495614,5.3898559,176.4697
 2180-Dec-10 23:59,2517633.499, , ,174.4138254,5.0572127,176.3614
 2181-Dec-10 23:59,2517998.499, ,m,175.0747453,5.1547622,176.2872
 2182-Dec-10 23:59,2518363.499, ,m,175.734633,5.2807646,176.2488
 2183-Dec-10 23:59,2518728.499, , ,176.3930922,5.4000418,176.2488
 2184-Dec-10 23:59,2519094.499, ,m,177.0524235,5.0251964,176.3011
 2185-Dec-10 23:59,2519459.499, , ,177.7065847,5.1535826,176.3955
 2186-Dec-10 23:59,2519824.499, , ,178.3583369,5.2574298,176.5256
 2187-Dec-10 23:59,2520189.499, ,m,179.0078034,5.3594636,176.6526
 2188-Dec-10 23:59,2520555.499, , ,179.6585625,5.0258531,176.7164
 2189-Dec-10 23:59,2520920.499, ,m,180.3055115,5.1261137,176.6974
 2190-Dec-10 23:59,2521285.499, ,m,180.9520604,5.2506101,176.6129
 2191-Dec-10 23:59,2521650.499, , ,181.5986598,5.3840121,176.5063
 2192-Dec-10 23:59,2522016.499, ,m,182.2479568,5.0132522,176.418
 2193-Dec-10 23:59,2522381.499, ,m,182.8937851,5.1465479,176.3558
 2194-Dec-10 23:59,2522746.499, , ,183.538515,5.2590592,176.3313
 2195-Dec-10 23:59,2523111.499, ,m,184.181527,5.3571926,176.354
 2196-Dec-10 23:59,2523477.499, , ,184.825409,5.0199636,176.4215
 2197-Dec-10 23:59,2523842.499, , ,185.4640981,5.1156103,176.5446
 2198-Dec-10 23:59,2524207.499, ,m,186.1003109,5.2261771,176.6952
 2199-Dec-10 23:59,2524572.499, , ,186.7345054,5.3542469,176.8276
 2200-Dec-10 23:59,2524937.499, ,m,187.3672162,5.4530949,176.89
 2201-Dec-10 23:59,2525302.499, ,m,187.9991531,5.5783194,176.8507
 2202-Dec-10 23:59,2525667.499, , ,188.6310515,5.7080243,176.7474
 2203-Dec-10 23:59,2526032.499, ,m,189.2630913,5.8119584,176.6346
 2204-Dec-10 23:59,2526398.499, , ,189.8983012,5.4780204,176.5363
 2205-Dec-10 23:59,2526763.499, , ,190.5300475,5.5929512,176.4737
 2206-Dec-10 23:59,2527128.499, ,m,191.1607786,5.6961474,176.4482
 2207-Dec-10 23:59,2527493.499, , ,191.79013,5.8273839,176.4614
 2208-Dec-10 23:59,2527859.499, , ,192.4208655,5.4584681,176.527
 2209-Dec-10 23:59,2528224.499, ,m,193.0463267,5.5688609,176.6295
 2210-Dec-10 23:59,2528589.499, , ,193.6697391,5.6957574,176.7551
 2211-Dec-10 23:59,2528954.499, ,m,194.2913664,5.7914472,176.8558
 2212-Dec-10 23:59,2529320.499, ,m,194.9149417,5.4514904,176.8745
 2213-Dec-10 23:59,2529685.499, , ,195.5350453,5.5739081,176.8098
 2214-Dec-10 23:59,2530050.499, ,m,196.1551642,5.6797559,176.6976
 2215-Dec-10 23:59,2530415.499, , ,196.7755448,5.8182387,176.5795
 2216-Dec-10 23:59,2530781.499, , ,197.39914,5.4612486,176.4898
 2217-Dec-10 23:59,2531146.499, ,m,198.0190515,5.5729816,176.4296
 2218-Dec-10 23:59,2531511.499, , ,198.6379283,5.7041843,176.4088
 2219-Dec-10 23:59,2531876.499, ,m,199.2552427,5.8019555,176.4376
 2220-Dec-10 23:59,2532242.499, ,m,199.8736616,5.4488928,176.5139
 2221-Dec-10 23:59,2532607.499, , ,200.4867955,5.5685462,176.6465
 2222-Dec-10 23:59,2532972.499, ,m,201.0976708,5.6632545,176.8015
 2223-Dec-10 23:59,2533337.499, ,m,201.7066883,5.790069,176.9273
 2224-Dec-10 23:59,2533703.499, , ,202.3177544,5.4389691,176.9739
 2225-Dec-10 23:59,2534068.499, ,m,202.9252161,5.5458629,176.9226
 2226-Dec-10 23:59,2534433.499, , ,203.5327637,5.6858421,176.8185
 2227-Dec-10 23:59,2534798.499, , ,204.140576,5.7956401,176.7145
 2228-Dec-10 23:59,2535164.499, ,m,204.7514177,5.443271,176.6275
 2229-Dec-10 23:59,2535529.499, , ,205.3586949,5.5753215,176.5789
 2230-Dec-10 23:59,2535894.499, ,m,205.9648934,5.6717785,176.5697
 2231-Dec-10 23:59,2536259.499, ,m,206.5695218,5.7941752,176.6049
 2232-Dec-10 23:59,2536625.499, , ,207.1755088,5.4430986,176.6972
 2233-Dec-10 23:59,2536990.499, ,m,207.7762681,5.5383665,176.827
 2234-Dec-10 23:59,2537355.499, , ,208.3750526,5.669103,176.9687
 2235-Dec-10 23:59,2537720.499, , ,208.9723921,5.7781435,177.0634
 2236-Dec-10 23:59,2538086.499, ,m,209.5719809,5.4201716,177.0552
 2237-Dec-10 23:59,2538451.499, , ,210.168448,5.5585203,176.96
 2238-Dec-10 23:59,2538816.499, ,m,210.7653131,5.6660923,176.8304
 2239-Dec-10 23:59,2539181.499, ,m,211.3625733,5.7899817,176.7059
 2240-Dec-10 23:59,2539547.499, , ,211.9632036,5.4535536,176.617
 2241-Dec-10 23:59,2539912.499, ,m,212.5603052,5.552206,176.5597
 2242-Dec-10 23:59,2540277.499, ,m,213.1564033,5.681083,176.543
 2243-Dec-10 23:59,2540642.499, , ,213.7511382,5.7961863,176.5764
 2244-Dec-10 23:59,2541008.499, ,m,214.3471027,5.4233692,176.6576
 2245-Dec-10 23:59,2541373.499, , ,214.9379426,5.5551555,176.7903
 2246-Dec-10 23:59,2541738.499, , ,215.5268697,5.656061,176.9354
 2247-Dec-10 23:59,2542103.499, ,m,216.1142123,5.7670353,177.0328
 2248-Dec-10 23:59,2542469.499, , ,216.7039584,5.435555,177.0421
 2249-Dec-10 23:59,2542834.499, ,m,217.2904821,5.5363341,176.9637
 2250-Dec-10 23:59,2543199.499, ,m,217.8772177,5.6694375,176.8495
 2251-Dec-10 23:59,2543564.499, , ,218.4643289,5.7973519,176.7478
 2252-Dec-10 23:59,2543930.499, ,m,219.0544489,5.4283928,176.6669
 2253-Dec-10 23:59,2544295.499, , ,219.6408587,5.5641918,176.6263
 2254-Dec-10 23:59,2544660.499, , ,220.226185,5.6709233,176.6271
 2255-Dec-10 23:59,2545025.499, ,m,220.8098299,5.7745364,176.677
 2256-Dec-10 23:59,2545391.499, , ,221.3947324,5.4371534,176.7898
 2257-Dec-10 23:59,2545756.499, ,m,221.9744905,5.5316523,176.9435
 2258-Dec-10 23:59,2546121.499, ,m,222.5522685,5.649115,177.1026
 2259-Dec-10 23:59,2546486.499, , ,223.128782,5.7782504,177.2014
 2260-Dec-10 23:59,2546852.499, ,m,223.707794,5.4076512,177.1851
 2261-Dec-10 23:59,2547217.499, , ,224.2837667,5.5452531,177.085
 2262-Dec-10 23:59,2547582.499, , ,224.8602972,5.6683156,176.9597
 2263-Dec-10 23:59,2547947.499, ,m,225.4371854,5.7737289,176.8452
 2264-Dec-10 23:59,2548313.499, , ,226.0173213,5.447585,176.768
 2265-Dec-10 23:59,2548678.499, , ,226.5939729,5.5501846,176.7237
 2266-Dec-10 23:59,2549043.499, ,m,227.1695527,5.6630383,176.721
 2267-Dec-10 23:59,2549408.499, , ,227.7438267,5.7951012,176.7694
 2268-Dec-10 23:59,2549774.499, ,m,228.3195159,5.4157849,176.8625
 2269-Dec-10 23:59,2550139.499, ,m,228.8902187,5.5417548,176.9955
 2270-Dec-10 23:59,2550504.499, , ,229.4593938,5.6618179,177.1194
 2271-Dec-10 23:59,2550869.499, ,m,230.0274174,5.7598188,177.1692
 2272-Dec-10 23:59,2551235.499, , ,230.5982148,5.4329845,177.1248
 2273-Dec-10 23:59,2551600.499, , ,231.1662426,5.5450662,177.0105
 2274-Dec-10 23:59,2551965.499, ,m,231.7346838,5.6600821,176.8822
 2275-Dec-10 23:59,2552330.499, , ,232.3035813,5.801265,176.7791
 2276-Dec-10 23:59,2552696.499, ,m,232.8755994,5.4319312,176.702
 2277-Dec-10 23:59,2553061.499, ,m,233.4438171,5.5547762,176.6655
 2278-Dec-10 23:59,2553426.499, , ,234.0109657,5.681209,176.6733
 2279-Dec-10 23:59,2553791.499, ,m,234.5764725,5.7728624,176.732
 2280-Dec-10 23:59,2554157.499, , ,235.1431682,5.4336271,176.8564
 2281-Dec-10 23:59,2554522.499, , ,235.7048815,5.543223,177.0174
 2282-Dec-10 23:59,2554887.499, ,m,236.2647597,5.6428804,177.1727
 2283-Dec-10 23:59,2555252.499, , ,236.8235433,5.7828438,177.2554
 2284-Dec-10 23:59,2555618.499, , ,237.3851381,5.4175476,177.2234
 2285-Dec-10 23:59,2555983.499, ,m,237.9437572,5.5402903,177.1212
 2286-Dec-10 23:59,2556348.499, , ,238.5029552,5.6798398,177.0044
 2287-Dec-10 23:59,2556713.499, ,m,239.0624745,5.7786339,176.9028
 2288-Dec-10 23:59,2557079.499, ,m,239.6249858,5.4431159,176.8388
 2289-Dec-10 23:59,2557444.499, , ,240.1838844,5.5616785,176.8104
 2290-Dec-10 23:59,2557809.499, ,m,240.7415541,5.6588341,176.8278
 2291-Dec-10 23:59,2558174.499, , ,241.2977166,5.7928145,176.9034
 2292-Dec-10 23:59,2558540.499, , ,241.8553258,5.4247931,177.025
 2293-Dec-10 23:59,2558905.499, ,m,242.4079452,5.5328523,177.1794
 2294-Dec-10 23:59,2559270.499, , ,242.9591936,5.6675265,177.3011
 2295-Dec-10 23:59,2559635.499, ,m,243.5096551,5.7680046,177.3222
 2296-Dec-10 23:59,2560001.499, ,m,244.0631315,5.4280438,177.2403
 2297-Dec-10 23:59,2560366.499, , ,244.6141592,5.5610768,177.1018
 2298-Dec-10 23:59,2560731.499, ,m,245.1658316,5.6643423,176.9646
 2299-Dec-10 23:59,2561096.499, , ,245.717982,5.8029955,176.8617
 2300-Dec-10 23:59,2561461.499, , ,246.2702449,5.9206138,176.7886
 2301-Dec-10 23:59,2561826.499, ,m,246.8218206,6.0214775,176.7559
 2302-Dec-10 23:59,2562191.499, , ,247.3723253,6.1574442,176.7691
 2303-Dec-10 23:59,2562556.499, , ,247.921374,6.258502,176.8326
 2304-Dec-10 23:59,2562922.499, ,m,248.4719306,5.8988611,176.9601
 2305-Dec-10 23:59,2563287.499, , ,249.0174029,6.028977,177.1145
 2306-Dec-10 23:59,2563652.499, ,m,249.5613701,6.1238214,177.2463
 2307-Dec-10 23:59,2564017.499, ,m,250.1044426,6.2516832,177.2914
 2308-Dec-10 23:59,2564383.499, , ,250.6509381,5.9107457,177.2284
 2309-Dec-10 23:59,2564748.499, ,m,251.194381,6.0158551,177.1137
 2310-Dec-10 23:59,2565113.499, , ,251.7383479,6.1569629,176.9991
 2311-Dec-10 23:59,2565478.499, , ,252.2826583,6.2714543,176.9035
 2312-Dec-10 23:59,2565844.499, ,m,252.8300579,5.9125138,176.8465
 2313-Dec-10 23:59,2566209.499, , ,253.3733716,6.0462445,176.826
 2314-Dec-10 23:59,2566574.499, ,m,253.9154148,6.1447373,176.8564
 2315-Dec-10 23:59,2566939.499, ,m,254.4557318,6.2588526,176.9521
 2316-Dec-10 23:59,2567305.499, , ,254.9977205,5.9154916,177.1001
 2317-Dec-10 23:59,2567670.499, ,m,255.5344857,6.0099314,177.2804
 2318-Dec-10 23:59,2568035.499, ,m,256.0698555,6.1394076,177.4155
 2319-Dec-10 23:59,2568400.499, , ,256.6046725,6.2606222,177.4354
 2320-Dec-10 23:59,2568766.499, ,m,257.1428985,5.8986499,177.349
 2321-Dec-10 23:59,2569131.499, , ,257.6783928,6.0418173,177.2147
 2322-Dec-10 23:59,2569496.499, , ,258.2146012,6.1530025,177.0865
 2323-Dec-10 23:59,2569861.499, ,m,258.7511206,6.2695706,176.9951
 2324-Dec-10 23:59,2570227.499, , ,259.29109,5.9372207,176.933
 2325-Dec-10 23:59,2570592.499, ,m,259.8270162,6.0341518,176.9142
 2326-Dec-10 23:59,2570957.499, ,m,260.3617934,6.1587829,176.9427
 2327-Dec-10 23:59,2571322.499, , ,260.8952146,6.2786349,177.0212
 2328-Dec-10 23:59,2571688.499, ,m,261.4303237,5.9059959,177.1552
 2329-Dec-10 23:59,2572053.499, , ,261.9605115,6.0382448,177.2967
 2330-Dec-10 23:59,2572418.499, , ,262.4896222,6.1494157,177.385
 2331-Dec-10 23:59,2572783.499, ,m,263.0182142,6.2601296,177.3717
 2332-Dec-10 23:59,2573149.499, , ,263.5505506,5.9324029,177.2648
 2333-Dec-10 23:59,2573514.499, ,m,264.0801526,6.0402769,177.1306
 2334-Dec-10 23:59,2573879.499, ,m,264.6103104,6.1647522,177.0148
 2335-Dec-10 23:59,2574244.499, , ,265.1408302,6.2978674,176.9229
 2336-Dec-10 23:59,2574610.499, ,m,265.6744617,5.92818,176.8718
 2337-Dec-10 23:59,2574975.499, ,m,266.2038379,6.0574013,176.8576
 2338-Dec-10 23:59,2575340.499, , ,266.7319572,6.1729045,176.8981
 2339-Dec-10 23:59,2575705.499, ,m,267.2583167,6.2695062,177.0065
 2340-Dec-10 23:59,2576071.499, , ,267.786307,5.9331894,177.1667
 2341-Dec-10 23:59,2576436.499, , ,268.3092511,6.0350623,177.3484
 2342-Dec-10 23:59,2576801.499, ,m,268.8309125,6.1481795,177.4707
 2343-Dec-10 23:59,2577166.499, , ,269.352205,6.2853032,177.4719
 2344-Dec-10 23:59,2577532.499, ,m,269.8771273,5.9205625,177.3797
 2345-Dec-10 23:59,2577897.499, ,m,270.3992346,6.0537751,177.254
 2346-Dec-10 23:59,2578262.499, , ,270.9219954,6.1824269,177.1398
 2347-Dec-10 23:59,2578627.499, ,m,271.4449121,6.2853865,177.0632
 2348-Dec-10 23:59,2578993.499, , ,271.9709958,5.9514665,177.0169
 2349-Dec-10 23:59,2579358.499, , ,272.4929076,6.061183,177.0191
 2350-Dec-10 23:59,2579723.499, ,m,273.0134828,6.1657961,177.0745
 2351-Dec-10 23:59,2580088.499, , ,273.532569,6.2962756,177.1847
 2352-Dec-10 23:59,2580454.499, ,m,274.0534385,5.9268074,177.3441
 2353-Dec-10 23:59,2580819.499, ,m,274.5694246,6.043832,177.4889
 2354-Dec-10 23:59,2581184.499, , ,275.0846076,6.1755666,177.5453
 2355-Dec-10 23:59,2581549.499, ,m,275.599636,6.2784354,177.4839
 2356-Dec-10 23:59,2581915.499, ,m,276.1186265,5.9463279,177.3412
 2357-Dec-10 23:59,2582280.499, , ,276.635146,6.0718761,177.1929
 2358-Dec-10 23:59,2582645.499, ,m,277.1523307,6.1789059,177.0784
 2359-Dec-10 23:59,2583010.499, , ,277.6698776,6.3182799,176.9932
 2360-Dec-10 23:59,2583376.499, , ,278.1906646,5.9567267,176.9499
 2361-Dec-10 23:59,2583741.499, ,m,278.7071631,6.0689912,176.9446
 2362-Dec-10 23:59,2584106.499, , ,279.2224525,6.2004721,176.9928
 2363-Dec-10 23:59,2584471.499, ,m,279.7361328,6.2953881,177.1067
 2364-Dec-10 23:59,2584837.499, ,m,280.2515083,5.9487228,177.263
 2365-Dec-10 23:59,2585202.499, , ,280.7620765,6.0695217,177.4205
 2366-Dec-10 23:59,2585567.499, ,m,281.2716631,6.1701347,177.4996
 2367-Dec-10 23:59,2585932.499, , ,281.7810808,6.3066532,177.4573
 2368-Dec-10 23:59,2586298.499, , ,282.2944229,5.9564559,177.3448
 2369-Dec-10 23:59,2586663.499, ,m,282.8049655,6.0705394,177.2192
 2370-Dec-10 23:59,2587028.499, , ,283.3160601,6.2110018,177.1133
 2371-Dec-10 23:59,2587393.499, , ,283.8272575,6.3171754,177.0453
 2372-Dec-10 23:59,2587759.499, ,m,284.3413776,5.9657933,177.0084
 2373-Dec-10 23:59,2588124.499, , ,284.8511619,6.09411,177.0228
 2374-Dec-10 23:59,2588489.499, ,m,285.3595011,6.1878969,177.0978
 2375-Dec-10 23:59,2588854.499, ,m,285.86615,6.3122482,177.2331
 2376-Dec-10 23:59,2589220.499, , ,286.3746141,5.9603537,177.4195
 2377-Dec-10 23:59,2589585.499, ,m,286.8782109,6.0603234,177.5792
 2378-Dec-10 23:59,2589950.499, , ,287.3810742,6.1998854,177.6318
 2379-Dec-10 23:59,2590315.499, , ,287.8840071,6.3118485,177.5606
 2380-Dec-10 23:59,2590681.499, ,m,288.3909473,5.9613337,177.4166
 2381-Dec-10 23:59,2591046.499, , ,288.8953807,6.1025995,177.2765
 2382-Dec-10 23:59,2591411.499, ,m,289.400457,6.2054463,177.1726
 2383-Dec-10 23:59,2591776.499, ,m,289.9057192,6.3327581,177.0992
 2384-Dec-10 23:59,2592142.499, , ,290.4141888,5.9899162,177.0683
 2385-Dec-10 23:59,2592507.499, ,m,290.9183536,6.0878997,177.0786
 2386-Dec-10 23:59,2592872.499, , ,291.4212743,6.2195013,177.1411
 2387-Dec-10 23:59,2593237.499, , ,291.9227653,6.3292849,177.2649
 2388-Dec-10 23:59,2593603.499, ,m,292.4261393,5.9633649,177.4124
 2389-Dec-10 23:59,2593968.499, , ,292.9249438,6.0992,177.5305
 2390-Dec-10 23:59,2594333.499, ,m,293.4232155,6.2040322,177.5476
 2391-Dec-10 23:59,2594698.499, ,m,293.9215982,6.3259479,177.4523
 2392-Dec-10 23:59,2595064.499, , ,294.4241822,5.9966627,177.3152
 2393-Dec-10 23:59,2595429.499, ,m,294.9241078,6.0995388,177.1871
 2394-Dec-10 23:59,2595794.499, ,m,295.4245013,6.2352012,177.0855
 2395-Dec-10 23:59,2596159.499, , ,295.9249987,6.3576988,177.022
 2396-Dec-10 23:59,2596525.499, ,m,296.4283388,5.987782,176.9903
 2397-Dec-10 23:59,2596890.499, , ,296.9271754,6.1237332,177.0121
 2398-Dec-10 23:59,2597255.499, , ,297.4245763,6.2247259,177.0998
 2399-Dec-10 23:59,2597620.499, ,m,297.9201945,6.3312956,177.2491
 2400-Dec-10 23:59,2597986.499, , ,298.4176576,5.9954477,177.4452
 2401-Dec-10 23:59,2598351.499, ,m,298.9104185,6.0915841,177.6003
 2402-Dec-10 23:59,2598716.499, ,m,299.4025283,6.2210873,177.6408
 2403-Dec-10 23:59,2599081.499, , ,299.8948816,6.3517756,177.5662
 2404-Dec-10 23:59,2599447.499, ,m,300.3913059,5.987099,177.4335
 2405-Dec-10 23:59,2599812.499, , ,300.8850222,6.1288589,177.309
 2406-Dec-10 23:59,2600177.499, , ,301.3792634,6.2446569,177.2186
 2407-Dec-10 23:59,2600542.499, ,m,301.8734253,6.3517768,177.1577
 2408-Dec-10 23:59,2600908.499, , ,302.3705256,6.0208465,177.1436
 2409-Dec-10 23:59,2601273.499, ,m,302.8631918,6.1195375,177.1778
 2410-Dec-10 23:59,2601638.499, ,m,303.3543998,6.235417,177.2719
 2411-Dec-10 23:59,2602003.499, , ,303.8441478,6.3642557,177.4273
 2412-Dec-10 23:59,2602369.499, ,m,304.3359228,5.9878255,177.5889
 2413-Dec-10 23:59,2602734.499, ,m,304.8232348,6.1213523,177.6862
 2414-Dec-10 23:59,2603099.499, , ,305.3103763,6.2431562,177.656
 2415-Dec-10 23:59,2603464.499, ,m,305.7979267,6.3489671,177.5193
 2416-Dec-10 23:59,2603830.499, , ,306.2898454,6.027788,177.3624
 2417-Dec-10 23:59,2604195.499, , ,306.7792912,6.1376884,177.2336
 2418-Dec-10 23:59,2604560.499, ,m,307.2692014,6.2563967,177.1364
 2419-Dec-10 23:59,2604925.499, , ,307.7592087,6.3936725,177.0803
 2420-Dec-10 23:59,2605291.499, ,m,308.2521546,6.0199548,177.0558
 2421-Dec-10 23:59,2605656.499, ,m,308.7405104,6.1462969,177.0859
 2422-Dec-10 23:59,2606021.499, , ,309.2275194,6.2658855,177.1811
 2423-Dec-10 23:59,2606386.499, ,m,309.7128695,6.3603216,177.3324
 2424-Dec-10 23:59,2606752.499, , ,310.2001516,6.0257464,177.5139
 2425-Dec-10 23:59,2607117.499, , ,310.6830272,6.1361451,177.633
 2426-Dec-10 23:59,2607482.499, ,m,311.1654781,6.247335,177.6288
 2427-Dec-10 23:59,2607847.499, , ,311.6483382,6.38993,177.529
 2428-Dec-10 23:59,2608213.499, ,m,312.1354619,6.0275726,177.3951
 2429-Dec-10 23:59,2608578.499, ,m,312.6197241,6.1539912,177.2781
 2430-Dec-10 23:59,2608943.499, , ,313.1043989,6.2879661,177.1965
 2431-Dec-10 23:59,2609308.499, ,m,313.5888536,6.3846365,177.1426
 2432-Dec-10 23:59,2609674.499, , ,314.0759739,6.0480923,177.1398
 2433-Dec-10 23:59,2610039.499, , ,314.5585349,6.1614624,177.1908
 2434-Dec-10 23:59,2610404.499, ,m,315.0394784,6.2592611,177.3116
 2435-Dec-10 23:59,2610769.499, , ,315.5188168,6.3940246,177.4974
 2436-Dec-10 23:59,2611135.499, , ,316.0002719,6.0258898,177.6827
 2437-Dec-10 23:59,2611500.499, ,m,316.4772757,6.1433136,177.7825
 2438-Dec-10 23:59,2611865.499, , ,316.9542418,6.281673,177.741
 2439-Dec-10 23:59,2612230.499, ,m,317.4317946,6.3851113,177.5984
 2440-Dec-10 23:59,2612596.499, ,m,317.9136654,6.0524905,177.4463
 2441-Dec-10 23:59,2612961.499, , ,318.3930265,6.1803999,177.328
 2442-Dec-10 23:59,2613326.499, ,m,318.8727812,6.2844994,177.2416
 2443-Dec-10 23:59,2613691.499, , ,319.3524677,6.4211613,177.1985
 2444-Dec-10 23:59,2614057.499, , ,319.8351508,6.0616336,177.1892
 2445-Dec-10 23:59,2614422.499, ,m,320.3132102,6.1685685,177.2358
 2446-Dec-10 23:59,2614787.499, , ,320.7899683,6.3011173,177.3437
 2447-Dec-10 23:59,2615152.499, ,m,321.2653239,6.3988464,177.4932
 2448-Dec-10 23:59,2615518.499, ,m,321.7428086,6.049549,177.6406
 2449-Dec-10 23:59,2615883.499, , ,322.2162418,6.1807989,177.6956
 2450-Dec-10 23:59,2616248.499, ,m,322.6896617,6.2829958,177.6246
 2451-Dec-10 23:59,2616613.499, ,m,323.1636774,6.421511,177.4897
 2452-Dec-10 23:59,2616979.499, , ,323.6421833,6.0762466,177.3493
 2453-Dec-10 23:59,2617344.499, ,m,324.1178034,6.18502,177.237
 2454-Dec-10 23:59,2617709.499, , ,324.593718,6.3257573,177.1615
 2455-Dec-10 23:59,2618074.499, , ,325.0694014,6.4302845,177.1128
 2456-Dec-10 23:59,2618440.499, ,m,325.5476066,6.075443,177.1169
 2457-Dec-10 23:59,2618805.499, , ,326.0211367,6.205051,177.1793
 2458-Dec-10 23:59,2619170.499, ,m,326.4930577,6.2990998,177.3148
 2459-Dec-10 23:59,2619535.499, ,m,326.9632919,6.4221437,177.5128
 2460-Dec-10 23:59,2619901.499, , ,327.435784,6.0742838,177.6978
 2461-Dec-10 23:59,2620266.499, ,m,327.9039706,6.1767111,177.7838
 2462-Dec-10 23:59,2620631.499, , ,328.3721883,6.3160123,177.7351
 2463-Dec-10 23:59,2620996.499, , ,328.8411233,6.4339821,177.6011
 2464-Dec-10 23:59,2621362.499, ,m,329.3142804,6.0798087,177.4664
 2465-Dec-10 23:59,2621727.499, , ,329.7846934,6.221001,177.3618
 2466-Dec-10 23:59,2622092.499, ,m,330.2553483,6.3252375,177.2876
 2467-Dec-10 23:59,2622457.499, ,m,330.7256158,6.444618,177.258
 2468-Dec-10 23:59,2622823.499, , ,331.1986936,6.1048133,177.2699
 2469-Dec-10 23:59,2623188.499, ,m,331.6670096,6.1995814,177.346
 2470-Dec-10 23:59,2623553.499, ,m,332.1338629,6.3285075,177.4877
 2471-Dec-10 23:59,2623918.499, , ,332.5994145,6.4435108,177.6581
 2472-Dec-10 23:59,2624284.499, ,m,333.0672725,6.0767861,177.793
 2473-Dec-10 23:59,2624649.499, , ,333.5312822,6.2177094,177.8013
 2474-Dec-10 23:59,2625014.499, , ,333.9956739,6.3278806,177.6795
 2475-Dec-10 23:59,2625379.499, ,m,334.4608531,6.4497087,177.5184
 2476-Dec-10 23:59,2625745.499, , ,334.9306697,6.1215915,177.3736
 2477-Dec-10 23:59,2626110.499, ,m,335.3977054,6.2254762,177.2655
 2478-Dec-10 23:59,2626475.499, ,m,335.8649501,6.3555176,177.196
 2479-Dec-10 23:59,2626840.499, , ,336.3319882,6.4784885,177.1543
 2480-Dec-10 23:59,2627206.499, ,m,336.801581,6.1078722,177.1651
 2481-Dec-10 23:59,2627571.499, , ,337.2664065,6.2395893,177.2367
 2482-Dec-10 23:59,2627936.499, , ,337.7297655,6.3473405,177.3768
 2483-Dec-10 23:59,2628301.499, ,m,338.1915092,6.4513915,177.5696
 2484-Dec-10 23:59,2628667.499, , ,338.6556743,6.1190371,177.7268
 2485-Dec-10 23:59,2629032.499, ,m,339.1158308,6.222842,177.7706
 2486-Dec-10 23:59,2629397.499, ,m,339.5761441,6.3479497,177.6938
 2487-Dec-10 23:59,2629762.499, , ,340.0373004,6.484975,177.5562
 2488-Dec-10 23:59,2630128.499, ,m,340.5027055,6.118958,177.43
 2489-Dec-10 23:59,2630493.499, ,m,340.9651133,6.2567203,177.3331
 2490-Dec-10 23:59,2630858.499, , ,341.4276334,6.3762028,177.2648
 2491-Dec-10 23:59,2631223.499, ,m,341.8895389,6.4772831,177.2428
 2492-Dec-10 23:59,2631589.499, , ,342.3540087,6.1447192,177.2695
 2493-Dec-10 23:59,2631954.499, , ,342.8136038,6.244372,177.3709
 2494-Dec-10 23:59,2632319.499, ,m,343.271556,6.3551605,177.5473
 2495-Dec-10 23:59,2632684.499, , ,343.728147,6.4856391,177.7494
 2496-Dec-10 23:59,2633050.499, ,m,344.1871756,6.1148715,177.8994
 2497-Dec-10 23:59,2633415.499, ,m,344.64237,6.2471342,177.9001
 2498-Dec-10 23:59,2633780.499, , ,345.0981094,6.3765564,177.7692
 2499-Dec-10 23:59,2634145.499, ,m,345.5547061,6.4836555,177.6098
 2500-Dec-10 23:59,2634510.499, , ,346.0122635,6.6234517,177.4745
$$EOE,,,,,,
***********************************************************************************,,,,,,
Column meaning:,,,,,,
 ,,,,,,
TIME,,,,,,
,,,,,,
  Times PRIOR to 1962 are UT1, a mean-solar time closely related to the,,,,,
prior but now-deprecated GMT. Times AFTER 1962 are in UTC, the current,,,,,
"civil or ""wall-clock"" time-scale. UTC is kept within 0.9 seconds of UT1",,,,,,
using integer leap-seconds for 1972 and later years.,,,,,,
,,,,,,
  Conversion from the internal Barycentric Dynamical Time (TDB) of solar,,,,,,
system dynamics to the non-uniform civil UT time-scale requested for output,,,,,,
has not been determined for UTC times after the next July or January 1st.,,,,,,
Therefore, the last known leap-second is used as a constant over future,,,,,
intervals.,,,,,,
,,,,,,
  Time tags refer to the UT time-scale conversion from TDB on Earth,,,,,,
regardless of observer location within the solar system, although clock,,,,,
"rates may differ due to the local gravity field and no analog to ""UT""",,,,,,
may be defined for that location.,,,,,,
,,,,,,
  Any 'b' symbol in the 1st-column denotes a B.C. date. First-column blank,,,,,,
"("" "") denotes an A.D. date.",,,,,,
 ,,,,,,
CALENDAR SYSTEM,,,,,,
,,,,,,
  Mixed calendar mode was active such that calendar dates after AD 1582-Oct-15,,,,,,
(if any) are in the modern Gregorian system. Dates prior to 1582-Oct-5 (if any),,,,,,
are in the Julian calendar system, which is automatically extended for dates,,,,,
prior to its adoption on 45-Jan-1 BC.  The Julian calendar is useful for,,,,,,
matching historical dates. The Gregorian calendar more accurately corresponds,,,,,,
"to the Earth's orbital motion and seasons. A ""Gregorian-only"" calendar mode is",,,,,,
available if such physical events are the primary interest.,,,,,,
,,,,,,
"  NOTE: ""n.a."" in output means quantity ""not available"" at the print-time.",,,,,,
 ,,,,,,
SOLAR PRESENCE (OBSERVING SITE),,,,,,
  Time tag is followed by a blank, then a solar-presence symbol:,,,,,
,,,,,,
       '*'  Daylight (refracted solar upper-limb on or above apparent horizon),,,,,,
       'C'  Civil twilight/dawn,,,,,,
       'N'  Nautical twilight/dawn,,,,,,
       'A'  Astronomical twilight/dawn,,,,,,
       ' '  Night OR geocentric ephemeris,,,,,,
,,,,,,
LUNAR PRESENCE (OBSERVING SITE),,,,,,
  The solar-presence symbol is immediately followed by a lunar-presence symbol:,,,,,,
,,,,,,
       'm'  Refracted upper-limb of Moon on or above apparent horizon,,,,,,
       ' '  Refracted upper-limb of Moon below apparent horizon OR geocentric,,,,,,
            ephemeris,,,,,,
 ,,,,,,
 'delta,     deldot,' =,,,,
"   Apparent range (""delta"""," light-time aberrated) and range-rate (""delta-dot"")",,,,,
"of the target center relative to the observer. A positive ""deldot"" means the",,,,,,
target center is moving away from the observer, negative indicates movement,,,,,
toward the observer.  Units: AU and KM/S,,,,,,
 ,,,,,,
 'Tru_Anom,' =,,,,,
   Apparent true anomaly angle of the targets' heliocentric orbit position;,,,,,,
the angle in the targets' instantaneous orbit plane from the orbital periapse,,,,,,
direction to the target, measured positively in the direction of motion.,,,,,
The position of the target is taken to be at the moment light seen by the,,,,,,
observer at print-time would have left the center of the object. That is,,,,,,
the heliocentric position of the target used to compute the true anomaly is,,,,,,
one down-leg light-time prior to the print-time. Units: DEGREES,,,,,,
,,,,,,
Computations by ...,,,,,,
,,,,,,
    Solar System Dynamics Group, Horizons On-Line Ephemeris System,,,,,
    4800 Oak Grove Drive, Jet Propulsion Laboratory,,,,,
    Pasadena, CA  91109   USA,,,,,
,,,,,,
    General site: https://ssd.jpl.nasa.gov/,,,,,,
    Mailing list: https://ssd.jpl.nasa.gov/email_list.html,,,,,,
    System news : https://ssd.jpl.nasa.gov/horizons/news.html,,,,,,
    User Guide  : https://ssd.jpl.nasa.gov/horizons/manual.html,,,,,,
    Connect     : browser        https://ssd.jpl.nasa.gov/horizons/app.html#/x,,,,,,
                  API            https://ssd-api.jpl.nasa.gov/doc/horizons.html,,,,,,
                  command-line   telnet ssd.jpl.nasa.gov 6775,,,,,,
                  e-mail/batch   https://ssd.jpl.nasa.gov/ftp/ssd/hrzn_batch.txt,,,,,,
                  scripts        https://ssd.jpl.nasa.gov/ftp/ssd/SCRIPTS,,,,,,
    Author      : Jon.D.Giorgini@jpl.nasa.gov,,,,,,
,,,,,,
***********************************************************************************,,,,,,